id,Predicted_Value
1808011,114.92648
1808012,142.65048
1808013,118.907074
1808014,99.39285
1808015,130.96902
1808021,116.93895
1808022,144.66295
1808023,120.919525
1808024,100.85605
1808025,132.98148
1808031,117.801056
1808032,145.52505
1808033,121.78165
1808034,101.362076
1808035,133.84358
1808041,124.75247
1808042,152.47647
1808043,128.73306
1808044,105.86456
1808045,140.79501
1808051,121.73912
1808052,149.46312
1808053,125.71971
1808054,104.63486
1808055,137.78166
1808061,116.105316
1808062,141.01175
1808063,120.08589
1808064,99.94052
1808065,131.7942
1808071,123.35698
1808072,143.85788
1808073,125.531845
1808074,103.58
1808075,134.64035
1808081,117.119736
1808082,144.84373
1808083,121.10033
1808084,100.50432
1808085,133.16226
1808091,114.89136
1808092,142.61536
1808093,118.87195
1808094,97.08487
1808095,130.9339
1808101,107.648636
1808102,135.37265
1808103,111.62923
1808104,95.06849
1808105,123.69118
1808111,117.633514
1808112,145.35751
1808113,121.614105
1808114,101.708694
1808115,133.67606
1808121,121.040344
1808122,148.76436
1808123,125.020935
1808124,103.817375
1808125,137.08289
1808131,113.497574
1808132,141.22157
1808133,117.478165
1808134,98.58441
1808135,129.5401
1808141,111.36235
1808142,139.08635
1808143,115.342926
1808144,97.768616
1808145,127.40488
1808151,112.38208
1808152,140.1061
1808153,116.36267
1808154,95.16751
1808155,128.42462
1808161,115.27554
1808162,142.99954
1808163,119.256134
1808164,99.222374
1808165,131.31808
1808171,111.19127
1808172,138.91527
1808173,115.171844
1808174,96.96945
1808175,127.233795
1808181,124.581345
1808182,152.30534
1808183,128.56194
1808184,106.8162
1808185,140.62389
1808191,105.22922
1808192,132.95322
1808193,109.20981
1808194,89.27661
1808195,121.27176
1808201,92.43533
1808202,120.15933
1808203,96.49257
1808204,80.53177
1808205,108.477875
1808211,95.04347
1808212,122.76747
1808213,99.02406
1808214,81.7494
1808215,111.08601
1808221,102.175995
1808222,129.9
1808223,106.15657
1808224,86.371735
1808225,118.21852
1808231,106.75603
1808232,145.53412
1808233,113.05209
1808234,86.62489
1808235,133.386
1808241,89.842224
1808242,117.56622
1808243,93.822815
1808244,81.091934
1808245,105.88476
1808251,104.28122
1808252,136.58168
1808253,110.577286
1808254,84.76024
1808255,124.90022
1808261,102.52307
1808262,130.24709
1808263,106.50366
1808264,85.94279
1808265,118.56561
1808271,94.511475
1808272,126.71808
1808273,100.80754
1808274,78.569214
1808275,115.036606
1808281,92.8098
1808282,120.5338
1808283,96.790375
1808284,82.35872
1808285,108.852325
1808291,95.38788
1808292,118.08365
1808293,99.36847
1808294,83.27081
1808295,108.86612
1808301,92.86432
1808302,125.46399
1808303,99.160385
1808304,77.33455
1808305,113.78253
1808311,90.986984
1808312,118.71098
1808313,94.967575
1808314,80.408676
1808315,107.029526
1809011,124.44684
1809012,138.4787
1809013,120.15268
1809014,99.72981
1809015,129.26115
1809021,128.09686
1809022,162.77376
1809023,134.39293
1809024,105.31196
1809025,154.72684
1809031,116.43825
1809032,144.16225
1809033,120.41884
1809034,101.25937
1809035,132.48079
1809041,119.08441
1809042,150.0379
1809043,125.38048
1809044,99.09566
1809045,145.7144
1809051,114.39047
1809052,132.11026
1809053,114.936386
1809054,97.75693
1809055,124.04489
1809061,114.38002
1809062,127.272
1809063,108.946
1809064,91.58687
1809065,118.05449
1809071,111.84955
1809072,132.60094
1809073,115.83014
1809074,99.95293
1809075,127.892075
1809081,123.161285
1809082,147.51427
1809083,127.14188
1809084,107.8643
1809085,139.20383
1809091,123.648834
1809092,148.1058
1809093,127.62944
1809094,108.218796
1809095,139.69138
1809101,114.03613
1809102,138.1883
1809103,118.01672
1809104,101.78432
1809105,130.07867
1809111,111.08191
1809112,131.66954
1809113,115.0625
1809114,99.48572
1809115,127.12445
1809121,109.560394
1809122,130.45941
1809123,113.540985
1809124,98.47426
1809125,125.60295
1809131,112.60129
1809132,133.08113
1809133,116.58188
1809134,99.352646
1809135,125.78789
1809141,112.08508
1809142,132.15176
1809143,115.66492
1809144,98.8701
1809145,124.77341
1809151,122.30803
1809152,143.4466
1809153,125.120575
1809154,105.28444
1809155,134.22906
1809161,121.70677
1809162,144.4413
1809163,125.68736
1809164,106.02825
1809165,135.22375
1809171,110.28133
1809172,132.84314
1809173,114.26193
1809174,98.096085
1809175,126.32387
1809181,109.680084
1809182,132.50798
1809183,113.660675
1809184,97.73697
1809185,125.722626
1809191,109.07883
1809192,131.14249
1809193,113.05942
1809194,97.46212
1809195,125.12137
1809201,108.477585
1809202,129.77701
1809203,112.458176
1809204,97.18727
1809205,124.52013
1809211,108.73909
1809212,127.75021
1809213,112.71968
1809214,98.50568
1809215,124.78163
1809221,117.30087
1809222,139.71736
1809223,121.28146
1809224,104.46083
1809225,133.34341
1809231,120.275986
1809232,148.0
1809233,124.25659
1809234,105.51599
1809235,136.31854
1809241,106.98479
1809242,134.70879
1809243,110.96538
1809244,95.88887
1809245,123.02733
1809251,108.47511
1809252,131.01581
1809253,112.4557
1809254,96.648865
1809255,124.40758
1809261,107.77992
1809262,125.11928
1809263,111.76051
1809264,97.84278
1809265,123.822464
1809271,109.658905
1809272,126.61368
1809273,113.639496
1809274,97.39748
1809275,125.70145
1809281,109.34526
1809282,137.06926
1809283,113.325836
1809284,97.22191
1809285,125.38779
1809291,120.09642
1809292,146.53464
1809293,124.07701
1809294,105.632965
1809295,136.13896
1809301,120.671646
1809302,148.39565
1809303,124.65224
1809304,103.23181
1809305,136.71417
1810011,125.4892
1810012,131.85127
1810013,129.46979
1810014,110.15442
1810015,141.53174
1810021,115.99678
1810022,117.448654
1810023,121.89615
1810024,105.8676
1810025,137.94179
1810031,137.34785
1810032,139.80646
1810033,141.32845
1810034,123.39633
1810035,153.3904
1810041,128.53188
1810042,130.38873
1810043,132.51247
1810044,114.94147
1810045,144.57442
1810051,125.64047
1810052,149.48213
1810053,133.85533
1810054,104.86633
1810055,160.54227
1810061,151.68665
1810062,179.41064
1810063,155.66724
1810064,129.4722
1810065,167.72919
1810071,127.52194
1810072,153.02773
1810073,135.73679
1810074,105.64839
1810075,163.07835
1810081,106.723236
1810082,132.75465
1810083,114.93808
1810084,87.29536
1810085,145.74
1810091,128.40112
1810092,132.7694
1810093,132.3817
1810094,114.191635
1810095,144.44365
1810101,143.51695
1810102,171.24095
1810103,147.49754
1810104,123.96611
1810105,159.5595
1810111,133.91982
1810112,136.58514
1810113,134.76413
1810114,115.35542
1810115,143.87263
1810121,135.3963
1810122,137.04974
1810123,134.91376
1810124,115.10208
1810125,144.02226
1810131,146.16286
1810132,148.85023
1810133,143.01701
1810134,119.933136
1810135,152.1255
1810141,146.10521
1810142,148.6922
1810143,142.65929
1810144,119.570526
1810145,151.76779
1810151,135.22336
1810152,136.57567
1810153,133.84062
1810154,114.01425
1810155,142.94911
1810161,142.61186
1810162,163.23976
1810163,146.59245
1810164,122.46248
1810165,158.6544
1810171,127.95085
1810172,151.57964
1810173,136.1657
1810174,106.0773
1810175,163.32979
1810181,112.736374
1810182,138.02158
1810183,120.95122
1810184,93.76468
1810185,151.75314
1810191,113.390976
1810192,138.63681
1810193,121.60582
1810194,93.86628
1810195,152.40775
1810201,120.37221
1810202,153.40202
1810203,126.668274
1810204,98.868744
1810205,147.00218
1810211,119.15318
1810212,150.64624
1810213,125.44925
1810214,98.05315
1810215,145.78316
1810221,105.728775
1810222,128.54492
1810223,109.709366
1810224,95.51378
1810225,121.77132
1810231,96.50563
1810232,138.55597
1810233,102.8017
1810234,82.71892
1810235,123.135605
1810241,105.42555
1810242,127.150604
1810243,109.40614
1810244,94.89824
1810245,121.468094
1810251,104.71063
1810252,125.71834
1810253,108.69124
1810254,94.36313
1810255,120.753174
1810261,101.67206
1810262,143.96625
1810263,107.968124
1810264,86.06036
1810265,128.30203
1810271,105.99574
1810272,149.68347
1810273,112.291794
1810274,88.75812
1810275,132.62572
1810281,111.97827
1810282,137.31604
1810283,115.95886
1810284,99.26138
1810285,128.02081
1810291,101.91771
1810292,122.13437
1810293,105.89829
1810294,92.41008
1810295,117.96025
1810301,103.412155
1810302,122.306915
1810303,107.392746
1810304,90.29556
1810305,119.4547
1811011,107.235916
1811012,129.7879
1811013,111.21651
1811014,95.64514
1811015,123.27846
1811016,99.98122
1811021,106.56833
1811022,127.66023
1811023,110.54892
1811024,96.83233
1811025,122.61087
1811026,104.164
1811031,129.75047
1811032,155.35901
1811033,133.73106
1811034,110.47514
1811035,145.79301
1811036,128.41646
1811041,126.46059
1811042,154.18459
1811043,130.44118
1811044,107.11679
1811045,142.50311
1811046,122.98564
1811051,117.10603
1811052,144.83003
1811053,121.086624
1811054,100.69031
1811055,133.14857
1811056,114.07918
1811061,117.409805
1811062,143.14487
1811063,121.4978
1811064,104.79674
1811065,131.53357
1811066,114.3152
1811071,114.2086
1811072,129.8156
1811073,111.48958
1811074,95.61239
1811075,120.59807
1811076,107.803406
1811081,105.97652
1811082,129.42935
1811083,109.95711
1811084,91.5732
1811085,122.01904
1811086,97.66875
1811091,107.13962
1811092,130.70204
1811093,111.120224
1811094,96.55994
1811095,123.182175
1811096,105.03821
1811101,119.03587
1811102,145.05261
1811103,123.01645
1811104,104.6173
1811105,135.0784
1811106,116.622284
1811111,119.710144
1811112,145.87073
1811113,123.690735
1811114,105.107544
1811115,135.75269
1811116,117.39693
1811121,108.85805
1811122,134.05899
1811123,112.83864
1811124,97.42226
1811125,124.90059
1811126,107.174034
1811131,106.95308
1811132,128.56781
1811133,110.93367
1811134,96.71535
1811135,122.99562
1811136,104.58148
1811141,115.48326
1811142,143.20726
1811143,119.46385
1811144,99.69312
1811145,131.5258
1811146,112.34044
1811151,111.151215
1811152,143.1634
1811153,117.447266
1811154,92.66385
1811155,137.78117
1811156,101.21568
1811161,117.871765
1811162,145.59576
1811163,121.852356
1811164,102.2753
1811165,133.9143
1811166,116.52928
1811171,125.26251
1811172,152.98651
1811173,129.2431
1811174,107.521484
1811175,141.30505
1811176,122.856415
1811181,111.133194
1811182,128.95493
1811183,115.113785
1811184,98.042984
1811185,127.175735
1811186,101.63965
1811191,100.18218
1811192,113.227356
1811193,103.371
1811194,93.28815
1811195,115.43295
1811196,97.70639
1811201,100.112076
1811202,115.54097
1811203,103.86629
1811204,93.05918
1811205,115.92824
1811206,97.90764
1811211,97.9299
1811212,113.01848
1811213,101.91049
1811214,90.20065
1811215,113.97244
1811216,89.65157
1811221,99.46674
1811222,122.7811
1811223,103.44733
1811224,90.127335
1811225,115.50928
1811226,98.36108
1811231,110.03131
1811232,137.75533
1811233,114.01192
1811234,95.54649
1811235,126.07385
1811236,105.95136
1811241,122.49095
1811242,150.21495
1811243,126.47153
1811244,104.1687
1811245,138.53348
1811246,118.50592
1811251,191.60593
1811252,219.32993
1811253,195.58652
1811254,168.07343
1811255,207.64847
1811256,190.50024
1811261,101.45532
1811262,119.98932
1811263,105.435905
1811264,93.652374
1811265,117.49786
1811266,99.358185
1811271,101.89159
1811272,124.77516
1811273,105.87217
1811274,93.02969
1811275,117.93413
1811276,99.583435
1811281,100.17932
1811282,128.12408
1811283,106.475395
1811284,84.29945
1811285,126.80931
1811286,88.667885
1811291,100.777466
1811292,120.43877
1811293,104.75806
1811294,93.06264
1811295,116.82001
1811296,98.80229
1811301,105.958405
1811302,130.9312
1811303,109.938995
1811304,96.18646
1811305,122.000946
1811306,104.03264
1812011,103.481125
1812012,128.22826
1812013,105.471695
1812014,95.34087
1812015,116.54678
1812016,104.16026
1812021,104.076965
1812022,129.04776
1812023,106.067535
1812024,95.83746
1812025,117.3663
1812026,104.7561
1812031,97.376175
1812032,119.06061
1812033,99.36676
1812034,90.89578
1812035,110.01419
1812036,98.05531
1812041,93.58262
1812042,116.26332
1812043,95.6806
1812044,87.899796
1812045,105.76498
1812046,93.80611
1812051,93.9238
1812052,114.96489
1812053,95.91437
1812054,87.361465
1812055,106.5618
1812056,91.611496
1812061,95.84973
1812062,117.51227
1812063,97.8403
1812064,89.434044
1812065,108.48775
1812066,96.52887
1812071,97.944626
1812072,120.09778
1812073,99.935196
1812074,91.25581
1812075,110.58264
1812076,98.623764
1812081,101.39089
1812082,124.66841
1812083,103.38147
1812084,93.996925
1812085,114.0289
1812086,101.52985
1812091,101.458084
1812092,124.59468
1812093,103.44866
1812094,94.03392
1812095,114.0961
1812096,101.792465
1812101,91.991905
1812102,114.02962
1812103,94.08989
1812104,86.30908
1812105,103.71962
1812106,91.76074
1812111,92.03265
1812112,114.82234
1812113,94.130646
1812114,86.34982
1812115,103.92765
1812116,91.96878
1812121,91.37907
1812122,113.730835
1812123,93.47705
1812124,85.696236
1812125,103.07514
1812126,91.11627
1812131,92.988434
1812132,114.65097
1812133,94.97902
1812134,87.163086
1812135,105.62645
1812136,93.66757
1812141,84.96359
1812142,102.714066
1812143,86.27683
1812144,81.64911
1812145,94.684814
1812146,79.48361
1812151,89.54901
1812152,110.23033
1812153,91.646996
1812154,85.7785
1812155,101.20581
1812156,85.39149
1812161,89.13927
1812162,109.647736
1812163,91.23726
1812164,85.47449
1812165,100.6232
1812166,84.60838
1812171,85.54401
1812172,109.22015
1812173,87.82001
1812174,80.698685
1812175,97.53868
1812176,79.04381
1812181,92.67114
1812182,116.749176
1812183,94.769135
1812184,86.98832
1812185,105.0677
1812186,92.93951
1812191,93.328766
1812192,114.9913
1812193,95.31934
1812194,87.40881
1812195,105.96678
1812196,94.007904
1812201,168.68703
1812202,196.41104
1812203,172.6676
1812204,154.41869
1812205,184.72955
1812206,167.58134
1812211,111.27016
1812212,134.15239
1812213,113.26073
1812214,102.65999
1812215,123.90817
1812216,110.107956
1812221,118.296875
1812222,144.83908
1812223,121.09567
1812224,109.68671
1812225,133.15762
1812226,117.00169
1812231,119.0307
1812232,145.25667
1812233,121.513245
1812234,110.42053
1812235,133.5752
1812236,117.60005
1812241,97.909225
1812242,119.458084
1812243,100.00722
1812244,92.226395
1812245,110.43356
1812246,90.158905
1812271,103.50662
1812272,130.7728
1812273,107.10323
1812274,96.238434
1812275,119.16519
1812276,95.451126
1812281,111.61525
1812282,134.4568
1812283,113.60582
1812284,103.00508
1812285,124.253265
1812286,110.33675
1812291,119.19638
1812292,145.56558
1812293,121.822174
1812294,110.58623
1812295,133.88412
1812301,119.75992
1812302,144.83313
1812303,121.75049
1812304,111.14975
1812305,133.15166
1812311,116.7704
1812312,142.39589
1812313,120.25488
1812315,130.71442
1901021,107.929565
1901022,129.5921
1901023,109.92015
1901024,99.61052
1901025,120.56758
1901031,107.89111
1901032,130.57974
1901033,109.88168
1901034,99.28093
1901035,120.52911
1901041,109.79387
1901042,130.48524
1901043,111.78444
1901044,101.42328
1901045,122.431885
1901051,101.987656
1901052,129.71165
1901053,105.96823
1901054,94.433174
1901055,118.03018
1901061,101.55123
1901062,125.65903
1901063,103.54181
1901064,93.694534
1901065,114.18924
1901071,43.45718
1901072,43.45718
1901073,43.45718
1901074,43.45718
1901075,43.45718
1901081,91.5063
1901082,112.77232
1901083,93.604294
1901084,85.82348
1901085,102.93221
1901091,89.0164
1901092,109.888794
1901093,91.114395
1901094,83.33358
1901095,100.86426
1901101,90.02011
1901102,111.68263
1901103,92.0408
1901104,84.25998
1901105,102.65813
1901111,94.800804
1901112,116.46335
1901113,96.79138
1901114,88.84412
1901115,107.43881
1901121,101.885086
1901122,125.60753
1901123,103.875656
1901124,94.20024
1901125,114.52309
1901131,101.52411
1901132,124.515274
1901133,103.514694
1901134,94.164764
1901135,114.162125
1901141,86.21448
1901142,133.46194
1901143,91.53519
1901144,78.43971
1901145,111.86911
1901151,93.765335
1901152,115.39026
1901153,95.86333
1901154,88.082504
1901155,106.36573
1901161,94.817505
1901162,116.48004
1901163,96.808075
1901164,88.83913
1901165,107.45552
1901171,92.88075
1901172,114.46533
1901173,94.97874
1901174,87.19792
1901175,105.44081
1901181,92.240944
1901182,113.90347
1901183,94.23152
1901184,85.99684
1901185,104.87895
1901191,104.23064
1901192,129.1186
1901193,106.22121
1901194,95.62046
1901195,117.43713
1901201,108.22543
1901202,135.94943
1901203,112.206024
1901204,98.369675
1901205,124.267975
1901211,115.62804
1901212,139.08667
1901213,117.61862
1901214,107.01787
1901215,128.26605
1901221,96.509766
1901222,121.3575
1901223,98.500336
1901224,88.734726
1901225,109.67604
1901231,95.334335
1901232,119.74492
1901233,97.32492
1901234,87.660255
1901235,108.06346
1901241,82.82765
1901242,99.25087
1901243,84.53088
1901244,79.954834
1901245,91.59003
1901251,113.64104
1901252,136.9414
1901253,115.63162
1901254,105.03087
1901255,126.27905
1901261,101.66437
1901262,125.81464
1901263,103.65494
1901264,93.78882
1901265,114.30238
1901271,101.94412
1901272,126.36554
1901273,103.93469
1901274,94.040985
1901275,114.68408
1901281,86.72005
1901282,111.30861
1901283,88.835175
1901284,81.5636
1901285,99.62715
1901291,43.45718
1901292,43.45718
1901293,43.45718
1901294,43.45718
1901295,43.45718
1901301,43.45718
1901302,43.45718
1901303,43.45718
1901304,43.45718
1901305,43.45718
1901311,86.10214
1901312,109.858795
1901313,88.200134
1901314,80.86496
1901315,98.17733
1902011,95.045166
1902012,119.42006
1902013,97.03574
1902014,87.66583
1902015,107.73859
1902021,104.35388
1902022,132.07788
1902023,108.33447
1902024,95.08052
1902025,120.39642
1902031,100.16556
1902032,124.23636
1902033,102.156136
1902034,92.18596
1902035,112.80357
1902041,90.12222
1902042,111.67047
1902043,92.22021
1902044,84.43939
1902045,102.64595
1902051,93.832245
1902052,115.49478
1902053,95.82282
1902054,87.90425
1902055,106.47026
1902061,93.24395
1902062,114.906494
1902063,95.23453
1902064,87.413956
1902065,105.88196
1902071,94.866455
1902072,116.52899
1902073,96.85703
1902074,88.72829
1902075,107.50447
1902081,94.95604
1902082,116.618576
1902083,96.94662
1902084,88.84086
1902085,107.594055
1902091,101.72961
1902092,124.968124
1902093,103.720184
1902094,94.26021
1902095,114.367615
1902101,102.44122
1902102,126.8831
1902103,104.43179
1902104,94.43628
1902105,115.201645
1902111,92.97244
1902112,114.63498
1902113,94.96301
1902114,86.96669
1902115,105.61045
1902121,88.3286
1902122,112.39035
1902123,90.42659
1902124,82.64577
1902125,100.70888
1902131,88.16748
1902132,112.51587
1902133,90.26547
1902134,82.484665
1902135,100.83441
1902141,101.47026
1902142,127.76268
1902143,104.01927
1902144,92.86885
1902145,116.08122
1902151,98.703964
1902152,113.47789
1902153,97.79021
1902154,88.50893
1902155,105.484184
1902161,107.95769
1902162,154.12799
1902163,114.25375
1902164,94.98731
1902165,134.58766
1902171,110.58099
1902172,156.45802
1902173,116.877045
1902174,96.17912
1902175,137.21097
1902181,98.937775
1902182,113.51048
1902183,97.73503
1902184,88.41481
1902185,105.429016
1902191,85.057915
1902192,123.93085
1902193,89.53612
1902194,77.82947
1902195,109.870026
1902201,95.462875
1902202,117.12541
1902203,97.45346
1902204,89.263275
1902205,108.10089
1902211,95.09157
1902212,116.754105
1902213,97.08214
1902214,89.01073
1902215,107.72957
1902221,92.05829
1902222,113.720825
1902223,94.04887
1902224,86.05328
1902225,104.696304
1902231,100.18686
1902232,125.351685
1902233,102.17744
1902234,92.18503
1902235,113.67023
1902241,108.68852
1902242,154.55313
1902243,114.98457
1902244,95.41647
1902245,135.3185
1902251,97.094894
1902252,121.98018
1902253,99.08548
1902254,90.99823
1902255,110.29872
1902261,100.23877
1902262,145.38512
1902263,106.534836
1902264,89.65823
1902265,126.86876
1902271,100.625656
1902272,146.11255
1902273,106.92172
1902274,89.91144
1902275,127.255646
1902281,93.968
1902282,117.88141
1902283,96.065994
1902284,88.28517
1902285,106.2726
1903011,90.076096
1903012,95.40743
1903013,94.16409
1903014,82.00015
1903015,105.5005
1903021,100.430786
1903022,110.54549
1903023,104.41138
1903024,87.336685
1903025,116.47333
1903031,101.4963
1903032,104.72579
1903033,105.47688
1903034,90.57083
1903035,117.53883
1903041,81.941414
1903042,81.56851
1903043,86.23015
1903044,77.16994
1903045,103.10162
1903051,85.95336
1903052,85.98668
1903053,90.434166
1903054,81.06256
1903055,103.961334
1903061,89.19273
1903062,90.491684
1903063,93.837524
1903064,84.0119
1903065,105.899475
1903071,84.38252
1903072,84.75107
1903073,89.19856
1903074,79.43599
1903075,105.20047
1903081,78.36647
1903082,76.4877
1903083,82.38324
1903084,73.595
1903085,100.84983
1903091,84.29405
1903092,115.73695
1903093,90.59012
1903094,69.850266
1903095,110.92403
1903101,100.99002
1903102,110.783264
1903103,104.97061
1903104,88.02568
1903105,117.03256
1903111,89.724655
1903112,94.76459
1903113,93.36832
1903114,83.73617
1903115,105.43027
1903121,86.48047
1903122,86.8295
1903123,91.27699
1903124,81.663864
1903125,103.76858
1903131,75.97931
1903132,106.34317
1903133,82.27536
1903134,64.64238
1903135,102.60928
1903141,85.55864
1903142,86.11706
1903143,90.56455
1903144,80.83583
1903145,103.86645
1903151,75.91341
1903152,74.334625
1903153,79.930176
1903154,71.14194
1903155,100.96956
1903161,99.01457
1903162,101.51942
1903163,102.99516
1903164,88.806366
1903165,115.05711
1903171,98.32007
1903172,102.65123
1903173,102.30066
1903174,87.38431
1903175,114.362595
1903181,82.13266
1903182,81.19852
1903183,86.14943
1903184,77.36119
1903185,102.11163
1903191,70.26257
1903192,97.83028
1903193,78.47742
1903194,55.683445
1903195,109.27934
1903211,100.04494
1903212,112.70154
1903213,104.02553
1903214,86.92197
1903215,116.08748
1903221,87.58292
1903222,92.15117
1903223,93.98639
1903224,78.33629
1903225,106.265594
1903231,111.27844
1903232,129.81825
1903233,115.25903
1903234,94.561325
1903235,127.320984
1903241,96.75723
1903242,94.69499
1903243,99.951035
1903244,83.060005
1903245,109.51491
1903251,89.66676
1903252,93.3392
1903253,93.75476
1903254,82.20708
1903255,104.88567
1903261,88.68003
1903262,89.179115
1903263,93.558716
1903264,81.79869
1903265,104.560455
1903271,84.026825
1903272,84.93179
1903273,89.37929
1903274,79.05609
1903275,105.147064
1903281,91.098206
1903282,92.55008
1903283,96.7432
1903284,84.75645
1903285,108.80516
1903291,94.52803
1903292,102.57356
1903293,98.61603
1903294,85.02736
1903295,110.560715
1903301,98.20209
1903302,124.81091
1903303,106.41693
1903304,78.47728
1903305,132.92696
1903311,89.13341
1903312,116.701096
1903313,97.34825
1903314,71.51826
1903315,125.120865
1904011,75.55983
1904012,102.7831
1904013,83.77467
1904014,61.124214
1904015,114.5766
1904021,83.23294
1904022,109.610275
1904023,91.447784
1904024,67.50512
1904025,119.87654
1904041,77.35299
1904042,104.92069
1904043,85.567825
1904044,59.78604
1904045,116.36977
1904051,73.23273
1904052,100.80044
1904053,81.44757
1904054,55.5791
1904055,112.2495
1904061,135.21895
1904062,144.72751
1904063,139.19954
1904064,115.489944
1904065,151.26147
1904071,94.829094
1904072,122.396805
1904073,103.043945
1904074,73.46416
1904075,133.84586
1904081,64.93827
1904082,92.50597
1904083,73.153114
1904084,48.912262
1904085,103.95503
1904091,63.356377
1904092,90.92409
1904093,71.57122
1904094,47.72905
1904095,102.37315
1904101,66.27265
1904102,93.84036
1904103,74.4875
1904104,50.598854
1904105,105.28942
1904111,64.37224
1904112,68.58086
1904113,70.70448
1904114,61.645924
1904115,95.993744
1904121,69.59944
1904122,73.323105
1904123,75.82427
1904124,66.581436
1904125,100.652054
1904131,43.45718
1904132,43.45718
1904133,43.45718
1904134,43.45718
1904135,43.45718
1904141,90.46484
1904142,93.395386
1904143,97.842865
1904144,79.88335
1904145,120.37283
1904151,63.154667
1904152,90.72237
1904153,71.36951
1904154,47.27085
1904155,102.17143
1904161,67.52953
1904162,95.097244
1904163,75.744385
1904164,51.52218
1904165,106.54631
1904171,72.36294
1904172,99.93065
1904173,80.57779
1904174,55.468884
1904175,111.3797
1904181,73.88904
1904182,101.45675
1904183,82.10388
1904184,56.689217
1904185,112.90581
1904201,101.24702
1904202,127.49216
1904203,109.46185
1904204,81.61342
1904205,132.71881
1904211,103.04012
1904212,129.09427
1904213,111.25496
1904214,82.88379
1904215,135.27853
1904221,99.81038
1904222,118.64392
1904223,108.02522
1904224,84.772385
1904225,138.82715
1904231,75.414085
1904232,102.66815
1904233,83.62892
1904234,60.517284
1904235,114.43086
1904241,100.54524
1904242,109.28444
1904243,104.30385
1904244,88.66202
1904245,113.41234
1904251,100.767715
1904252,105.879616
1904253,95.333694
1904254,78.25105
1904255,104.442184
1904261,74.24248
1904262,69.60162
1904263,77.74765
1904264,69.20823
1904265,98.44185
1904271,103.80864
1904272,98.73094
1904273,105.18277
1904274,86.02757
1904275,114.291275
1904281,102.897644
1904282,106.86684
1904283,106.878235
1904284,91.06987
1904285,118.940186
1904291,105.35741
1904292,127.755005
1904293,109.338
1904294,90.74609
1904295,121.39995
1904301,93.12511
1904302,88.01843
1904303,97.83826
1904304,82.33269
1904305,106.94675
1905021,84.6055
1905022,85.30622
1905023,89.75371
1905024,79.60387
1905025,105.29477
1905031,89.36989
1905032,89.90596
1905033,93.95987
1905034,82.20166
1905035,104.9986
1905041,99.776764
1905042,102.834656
1905043,103.757355
1905044,89.78949
1905045,115.819305
1905051,102.58798
1905052,106.24559
1905053,106.56857
1905054,91.49298
1905055,118.63052
1905061,90.68628
1905062,91.03464
1905063,94.16556
1905064,85.16124
1905065,106.22751
1905071,92.47031
1905072,100.75295
1905073,96.558304
1905074,84.037285
1905075,108.214264
1905081,95.58538
1905082,99.5453
1905083,99.56596
1905084,87.29382
1905085,111.627914
1905091,97.74646
1905092,102.803375
1905093,101.72705
1905094,88.51387
1905095,113.789
1905101,90.65451
1905102,92.106384
1905103,96.21663
1905104,84.78088
1905105,108.27858
1905111,106.80519
1905112,121.046875
1905113,110.78578
1905114,94.13399
1905115,122.84773
1905121,89.45155
1905122,117.01926
1905123,97.6664
1905124,71.07136
1905125,128.16539
1905131,81.03935
1905132,107.6824
1905133,89.25419
1905134,65.213196
1905135,119.75525
1905141,69.991165
1905142,97.55887
1905143,78.20601
1905144,53.80544
1905145,109.00795
1905151,80.21513
1905152,106.97177
1905153,88.429985
1905154,64.098015
1905155,119.23192
1905161,88.45917
1905162,89.91104
1905163,94.358536
1905164,82.83029
1905165,108.56581
1905171,102.875595
1905172,119.51112
1905173,106.85619
1905174,88.450455
1905175,118.91814
1905181,92.60976
1905182,119.8817
1905183,100.8246
1905184,72.92975
1905185,131.62653
1905191,116.3383
1905192,140.79974
1905193,120.31889
1905194,98.296135
1905195,132.38084
1905201,98.24295
1905202,90.36861
1905203,94.12422
1905204,80.104004
1905205,103.23271
1905211,97.52991
1905212,99.16557
1905213,101.5105
1905214,88.56944
1905215,113.57245
1905221,89.9879
1905222,91.43978
1905223,95.88728
1905224,84.4207
1905225,108.61658
1905231,96.659195
1905232,86.36863
1905233,93.83035
1905234,79.27349
1905235,102.93885
1905241,95.34683
1905242,84.11336
1905243,91.87901
1905244,78.53863
1905245,100.98752
1905251,96.758026
1905252,101.3004
1905253,104.97287
1905254,85.73862
1905255,118.66882
1905261,106.03044
1905262,110.66795
1905263,110.01103
1905264,92.96823
1905265,122.07298
1905271,95.28317
1905272,96.73504
1905273,99.87056
1905274,87.92583
1905275,111.93251
1905281,94.224075
1905282,95.67596
1905283,98.47353
1905284,86.98979
1905285,110.53549
1905291,89.77252
1905292,81.48915
1905293,85.305756
1905294,71.95256
1905295,94.414246
1905301,107.588684
1905302,109.04056
1905303,112.49156
1905304,99.48974
1905305,124.55351
1905311,92.73445
1905312,94.18634
1905313,98.63383
1905314,81.43552
1905315,121.16379
1906011,100.39938
1906012,128.12338
1906013,104.379974
1906014,85.33383
1906015,116.441925
1906021,108.24034
1906022,128.67447
1906023,110.34845
1906024,88.92279
1906025,119.456955
1906031,94.95949
1906032,122.68349
1906033,98.94008
1906034,81.86676
1906035,111.00203
1906041,89.985916
1906042,117.70993
1906043,93.96651
1906044,80.92662
1906045,106.02846
1906051,96.04878
1906052,123.7728
1906053,100.02937
1906054,84.48892
1906055,112.091324
1906061,92.16342
1906062,119.88742
1906063,96.144005
1906064,82.23184
1906065,108.20596
1906071,93.30914
1906072,121.03316
1906073,97.289734
1906074,83.06598
1906075,109.351685
1906081,99.91817
1906082,127.64218
1906083,103.89876
1906084,86.097046
1906085,115.96071
1906091,103.68135
1906092,131.40535
1906093,107.66194
1906094,88.39279
1906095,119.72389
1906101,101.29231
1906102,129.01631
1906103,105.2729
1906104,92.13803
1906105,117.334854
1906111,84.29602
1906112,109.64221
1906113,87.908615
1906114,78.47415
1906115,97.960754
1906121,82.1311
1906122,106.673294
1906123,85.49627
1906124,77.62842
1906125,94.99182
1906131,87.365265
1906132,100.59932
1906133,83.08884
1906134,72.70204
1906135,91.38179
1906141,86.52786
1906142,112.9193
1906143,90.01085
1906144,79.24307
1906145,101.23784
1906151,90.57822
1906152,118.09235
1906153,94.88007
1906154,80.455376
1906155,106.41087
1906161,103.504105
1906162,131.2281
1906163,107.48468
1906164,86.81954
1906165,119.546646
1906171,94.65451
1906172,122.37851
1906173,98.6351
1906174,82.31296
1906175,110.69705
1906181,88.89636
1906182,110.92703
1906183,92.48505
1906184,80.10846
1906185,101.7095
1906191,396.7941
1906192,409.68613
1906193,391.36008
1906194,363.89597
1906195,400.4686
1906201,93.89424
1906202,121.61824
1906203,97.87483
1906204,81.10007
1906205,109.93678
1906211,91.93382
1906212,119.65784
1906213,95.9966
1906214,80.20822
1906215,107.976364
1906221,110.02254
1906222,155.77434
1906223,116.3186
1906224,88.24494
1906225,136.65251
1906231,114.89369
1906232,159.32707
1906233,121.18974
1906234,92.35829
1906235,141.52367
1906241,102.25723
1906242,147.59216
1906243,108.51659
1906244,81.92697
1906245,128.85051
1906251,113.53372
1906252,154.40099
1906253,119.82979
1906254,91.68901
1906255,140.1637
1906261,108.48857
1906262,152.18112
1906263,114.78464
1906264,87.153625
1906265,135.11856
1906271,97.66052
1906272,143.34601
1906273,103.55757
1906274,79.35706
1906275,123.891495
1906281,106.67888
1906282,147.60849
1906283,112.92262
1906284,86.331635
1906285,133.22195
1906291,73.60312
1906292,86.49512
1906293,68.16908
1906294,47.13986
1906295,77.27759
1906301,118.808105
1906302,163.047
1906303,125.10416
1906304,96.02318
1906305,145.43808
1907011,106.74449
1907012,134.4685
1907013,110.72508
1907014,93.45883
1907015,122.78703
1907021,105.010284
1907022,132.7343
1907023,108.990875
1907024,91.1479
1907025,121.05284
1907031,108.190094
1907032,135.9141
1907033,112.17067
1907034,92.708984
1907035,124.23262
1907041,106.139725
1907042,133.86374
1907043,110.120316
1907044,93.66794
1907045,122.18228
1907051,106.644455
1907052,134.36845
1907053,110.625046
1907054,93.91113
1907055,122.687
1907061,116.23097
1907062,143.95499
1907063,120.21158
1907064,100.81569
1907065,132.27351
1907071,115.37338
1907072,143.09738
1907073,119.35397
1907074,100.13028
1907075,131.41592
1907081,106.18123
1907082,133.90523
1907083,110.16182
1907084,93.698105
1907085,122.22377
1907091,104.272156
1907092,131.99615
1907093,108.25275
1907094,87.688354
1907095,120.3147
1907111,190.13257
1907112,217.85657
1907113,194.11316
1907114,166.60007
1907115,206.17511
1907121,110.990585
1907122,138.7146
1907123,114.971176
1907124,96.69978
1907125,127.03313
1907131,118.15993
1907132,145.88393
1907133,122.1405
1907134,96.363075
1907135,134.20245
1907141,115.06955
1907142,142.79355
1907143,119.05014
1907144,93.80972
1907145,131.11209
1907151,102.37398
1907152,130.09799
1907153,106.35457
1907154,86.806595
1907155,118.41652
1907161,107.87485
1907162,135.59886
1907163,111.85544
1907164,93.90938
1907165,123.91739
1907171,109.69554
1907172,137.41954
1907173,113.67613
1907174,94.85887
1907175,125.73808
1907181,111.3611
1907182,139.0851
1907183,115.34169
1907184,95.95203
1907185,127.40364
1907191,112.326645
1907192,140.05064
1907193,116.30722
1907194,94.975586
1907195,128.36919
1907201,112.73569
1907202,140.45969
1907203,116.71628
1907204,98.19296
1907205,128.77823
1907211,118.882935
1907212,146.60693
1907213,122.863525
1907214,99.49724
1907215,134.92548
1907221,110.157135
1907222,137.88113
1907223,114.137726
1907224,95.97003
1907225,126.19968
1907231,117.21205
1907232,144.93605
1907233,121.19264
1907234,100.99274
1907235,133.2546
1907241,118.18376
1907242,145.90776
1907243,122.16434
1907244,101.76112
1907245,134.22629
1907251,117.35715
1907252,145.08115
1907253,121.33774
1907254,100.49722
1907255,133.39967
1907261,127.65234
1907262,167.88214
1907263,133.9484
1907264,105.31824
1907265,154.28232
1907271,129.10182
1907272,167.76501
1907273,135.39789
1907274,106.31692
1907275,155.73181
1907281,132.89125
1907282,174.65363
1907283,139.1873
1907284,110.10634
1907285,159.52122
1907291,116.974976
1907292,144.69899
1907293,120.95557
1907294,101.171646
1907295,133.01752
1907301,112.52246
1907302,140.24648
1907303,116.50305
1907304,97.87544
1907305,128.565
